department,0,1
 ,6,0
 	Corporate Shared Services,0,1
 Lower Level Management,1,0
 Marketing ,1,0
 Moni Technologies,1,0
 R&D,1,0
(Consultant),1,0
(missing),11016,531
.NET,1,0
.net Development,1,0
0,1,0
1221,0,1
130 - Nutritional Yeast Packaging,1,0
1411,0,1
20,1,0
20131101,1,0
30517,1,0
3D Art,1,0
4,1,0
49,1,0
5,1,0
"6 locations in the United States, 3 in Canada and 1 in UK",1,0
640 Labs,1,0
@ ecgstudio | process improvement specialists,2,0
A Techstars Company,2,0
ACCOUNTING ,1,0
ACCT,0,1
ACES,1,0
ACT,1,0
ADMIN,0,1
ADS,1,0
AFS12,3,0
AFS13,2,0
AFS14,3,0
AFS16,2,0
AFS18,2,0
AFSAU,1,0
AFSCC,4,0
AFSDT,4,0
AFSDTV,1,0
AFSHAR,1,0
AFSHO,2,0
AFSHON,2,0
AFSHOT,2,0
AFSMCA,1,0
AFSSA,5,0
AGENCY CONFIDENTIAL,5,0
ALM Practice,1,0
AMG,1,0
AMHS,5,0
AML,2,0
ANDROIDPIT,1,0
APP MEDIA,1,0
AR,2,0
AX 20140308/09 (2),1,0
Aberdeen ,3,0
Academic,1,0
Account,3,4
Account Handling,1,0
Account Management,13,0
Account team,2,0
Account/finance,0,2
Accountant,1,0
Accounting,27,2
Accounting & Finance,4,0
Accounting / Finance,1,0
Accounting and Finance,2,0
Accounting/Finance,3,2
Accounting/Payroll,0,6
Accounts,6,0
Acquisitions and Divesments,1,0
Ad Sales,2,0
AdOps,1,0
AdYapper,1,0
Addy,1,0
Admin,19,0
Admin - Clerical,0,1
Admin/Clerical,0,3
Administration,27,1
Administration ,1,0
Administration support,0,2
Administrative,16,14
Administrative ,1,0
Administrative Dept,0,1
Administrative Office,1,0
Administrator ,1,0
Advertising,4,0
Advisory,1,0
Advisory Department,1,0
Aerospace and Defense Engineering Services,1,0
Affiliate Marketing,1,0
Africa Program,2,0
African Program,8,0
Agency Systems,1,0
Agriculture,1,0
Aker Solutions Inc.,0,1
All,16,0
All Companies,1,0
An Impact Engine Company,1,0
Analyst,1,0
Analytics,8,0
Analytics & UX,1,0
Ancillery Revenue,1,0
Android,5,0
Android ,1,0
Android Developer,1,0
Animal Control,2,0
Animation,7,0
Anti-Virus Software,1,0
App,1,0
App Delivery,2,0
App Dev,3,0
App Development,2,0
Appear Here,2,0
Application Development,5,0
Approvals Department,2,0
Apps,5,0
Aptris,1,0
Arc Int.,1,0
Architect,1,0
Argo Platinum,1,0
Art,7,0
Art Fairs,1,0
Art Studio,11,0
Art and Design,1,0
Asset Management,3,0
Assistant,1,0
Athletics,1,0
Audiology,1,0
Auto Sales,1,0
Automotive,1,0
Automotive and Parts Mfg,1,0
B2B,1,0
BCFB,1,0
BD,4,0
BDC,9,0
BDVPS,1,0
BI,1,0
BI Department – Applications Directorate,1,0
BIOMEDICAL EQUIPMENT TECHNICAN,1,0
BIPIO,1,0
BORN SOCIAL,1,0
Back Office,1,0
Back-End Development,1,0
Backend,1,0
Backend Developer,1,0
Bandsintown Amplified Textlinks,1,0
Banking,2,0
Berlin,1,0
Big Data,1,0
BigTime Software,1,0
Billing,2,0
Bindery,3,0
Biotech ,0,2
Birdback,2,0
Biz Dev,1,0
BizDev/Product,1,0
Blippbuilder,2,0
Board of Directors,3,0
Branch Services,2,0
Brand ,1,0
Brand and Marketing,1,0
Brandid,1,0
Broadcasting,1,0
Building,1,0
Building Services,1,0
Building and Construction ,1,0
Bulgarian Operations,1,0
Business,12,0
Business Consultancy,2,0
Business Development,32,0
Business Development/Product,1,0
Business Development/Sales,1,0
Business Developmment,1,0
Business Intelligence,5,0
Business Management,1,0
Business Operations,6,0
Business Strategy,1,0
Business Team,1,0
Business/Producer,1,0
Business: Support,1,0
Business:Customer Success,2,0
Business:Market Analysis,1,0
Business:Marketing,2,0
Business:People,1,0
Business:Sales,9,0
Business:Support,1,0
Businessfriend.com,1,0
Buying,2,0
CA,1,0
CAKE,1,0
CALL CENTER,0,5
CALL CENTER SP,0,1
CALLCENTER,0,2
CALLCENTER ,0,1
CALLCENTER TECH,0,1
CASH,2,0
CDE,4,0
CEO Office,1,0
COLLECTION DEPT,0,1
COMMERCIAL COLLECTIONS,1,0
COMPLIANCE UNIT 701,0,1
CPG Industry,1,0
CR,1,0
CRM,1,0
CRM & BI,6,0
CS,15,0
CS and Ops,1,0
CSA REP,0,1
CSD Relay,31,0
CSD Technology,1,0
CSDC,1,0
CSL,1,0
CSR,1,3
CSR CENTER,0,3
CSS,1,0
CTAP,2,0
CUSTOMER X TEAM,1,0
Call Center,3,0
Call Center CSR ,0,1
Camp Lakodia,1,0
Campaign Management,8,0
Campaigns,1,0
Capoo,1,0
Cardio Vascular,1,0
Cardiology,1,0
Care,2,0
Care Assistant,1,0
Care Staff,7,0
Careers Sales,1,0
Carrier Sales,1,0
Casino,1,0
Cast Partial,1,0
Casual,1,0
Catering,5,0
Central Services,2,0
Charters,1,0
Chats,1,0
"Checker Limousine, Charters, Patient Transfer Service ",1,0
Children's Nature Institute,2,0
Civil Construction,1,0
Clarify,1,0
ClearNDA,1,0
Clearview,2,0
Clerical,0,27
Client,2,0
Client Access Team,1,0
Client Care,2,0
Client Consulting Services,1,0
Client Management Office,2,0
Client Operations,3,0
Client Relations,1,0
Client Service,8,0
Client Service Department,1,0
Client Services,43,2
Client Services ,1,1
Client Services & Business Strategy ,1,0
Client Success,3,0
Clinical ,1,0
Cloud Reliability Engineering team,1,0
Cloud Services,1,0
CloudSpotter Technologies,2,0
Coaching,2,0
Cocolife Asset Management,1,0
Collections/Customer Service,1,0
Command Central,5,0
Command Central ,1,0
Commercial,18,0
Commercial Department,1,0
Commercial Management / Contract Management,0,1
Commercial/Marketing,8,0
Communications,10,0
Community,4,0
Community ,2,0
Community Engagement,2,0
Community Training Center,1,0
Computer / Software,1,0
Computer/IT Services,1,0
Conferences,1,0
Conferences i/o,1,0
Connectivity,9,0
Construction,2,0
Construction Management,1,0
Consulting,5,0
Consulting Workforce,1,0
Consumer,1,0
Contact Centre,2,0
Content,20,0
Content ,1,0
Content ID,2,0
Content Production,2,0
Content Programming,1,0
Content team,3,0
Contracts,2,0
Controls Engineer,1,3
Convalescent Aid Society,1,0
Core,2,0
Core ,3,0
Core Team,4,0
Corporate,4,0
Corporate Administration,2,0
Country Inn & Suites,3,0
Course Development,1,0
Crane Brothers,2,0
Creative,48,0
Creative Department,1,0
Creative Services,18,0
Credit Cards Telephony,1,0
Credit Strategy,1,0
Crew,1,0
Culinary ,1,0
Customer Advocacy,1,0
Customer Care,5,0
Customer Care - Provisions,1,0
Customer Champion,1,0
Customer Experience,8,0
Customer Happiness,2,0
Customer Service,59,14
Customer Service ,3,0
Customer Service & Tech Support,1,0
Customer Service Dept,1,0
Customer Service Rep.,0,1
Customer Service/Collections Department,1,0
Customer Service/Support,0,1
Customer Services,5,0
Customer Success,16,0
Customer Support,15,1
Customer Support ,1,0
Customer Support Team,1,0
Customer X,2,0
Customer and Compliance,1,0
Customer service,0,1
CustomerSupport,1,0
D3215,1,0
D3249,1,0
DA,4,0
DEV,8,0
DHS-ICE-IDRS,1,0
DMB,1,0
DMV,1,0
DOE,1,0
DRIVER,0,1
DS3,1,0
DSD,1,0
DTVCC,2,0
DTVMA,1,0
Dallas,1,0
Danone - Sari Husada,1,0
Data,4,0
Data Collection,1,0
Data Entry,4,3
"Data Entry, Clerical Admin, Administrative Assistant, Customer Service,  Accounting, payroll Clerk, Book keeping",0,1
Data Services,1,0
Data Systems,1,0
Data entry,0,1
Database,1,0
Datastage,1,0
Delivery,4,0
Delivery - Engineering Projects,1,0
Demian Labs,1,0
Dental field,1,0
Department,23,0
Dermatology,1,0
Design,76,0
Design ,3,0
Design & Development,1,0
Design & Interface,2,0
Design & Marketing,1,0
Design Engineering,1,0
Design Team,4,0
Design/Architecture,1,0
Designer,1,0
Designing,2,0
Dev,2,0
Dev & Software QA,1,0
Dev - Web Team,1,0
Dev and Software QA,1,0
Dev2 to 5 years experience in a client-facing technical role. Ability to diplomatically address customer concerns and provide feedback. A firm understanding of the technology stacks common to the Web ecosystem. A demonstrated history of creating non-trivi,1,0
Developer,2,0
Developing,2,0
Development,146,0
Development ,6,0
Development  ,1,0
Development & Support,1,0
Development Dpt,1,0
Development Services,1,0
DiMella | Vineburgh Team,1,0
Didactics,17,0
Dietary,4,0
Digital,12,0
Digital ,1,0
Digital Department,3,0
Digital Design,1,0
Digital Experience,1,0
Digital Life,7,0
Digital Marketing,2,0
Digital Pathology,5,0
Digital and Brand Practice,1,0
Direct Care Team,1,0
Disaster Restoration,1,0
Display,2,0
Disruptive Innovation,1,0
Distribution Center,1,0
Dojo,1,0
Driver Operations,3,0
Dry Dock,1,0
Dry Processing,1,0
Dubai,1,0
E,1,0
E-Commerce,6,0
EC,9,0
ECMH,1,0
EMC PBS,1,0
ENG,1,0
ENGINEERING,0,5
ETRM Consulting,1,0
EUR Wholesale,1,0
EXSD,1,0
EXWD,1,0
Early Head Start,1,0
Edelman,1,0
Edinburgh,1,0
Edit,1,0
Editing,1,0
Editorial,26,0
Editorial ,1,0
Education,13,0
Electrical,1,0
Electronics,1,0
Embedded Applications,3,0
Energy Conservation,2,0
Engagement,13,0
Engg.,1,0
Engineeering,2,0
Engineer,6,0
Engineering,441,46
Engineering ,9,9
Engineering - Construction,0,1
Engineering - Firmware,1,0
Engineering - Hardware,1,0
Engineering Pakistan,1,0
Engineering Services,1,0
Engineering team,1,0
"Engineering, Pipeline Design",0,1
Engineering:Dev Ops,2,0
Engineering:Software Engineering,3,0
Engineers,1,0
English,1,0
English Language,1,0
Entertainment,1,0
Entrepreneur,1,0
Entry Level Food Service,2,0
Entry Level Supervision,1,0
Equinix,3,0
Equity IT,1,0
Equity Research ,1,0
Esri,10,0
Estimating,2,0
Events,1,0
Events & Banquets,1,0
Events Department,1,0
Exec,1,0
Exec Team,1,0
Executive,1,0
Executive Office,1,0
Experience,1,0
Experience ,1,0
Expert Services,8,0
Extras Division,1,0
F&B,1,0
FASTSIGNS Oakland,1,0
FILES DRIVER,0,1
FIN,1,0
FINANCE,1,0
FOH,1,0
FP,5,0
FP-b2b,1,0
FRAUD DEPT,0,1
FREELANCE NEWS RESEARCH,1,0
Fabrication,2,0
Facilities,2,0
Facilities / Maintenance,1,0
Facility,1,0
Factory,1,0
Family Medicine,1,0
Family Services,1,0
Fashion:Internships,3,0
Festicket,6,0
Field,2,0
Field Eng,4,0
Field Operations,3,0
Field Ops,2,0
Field Sales,1,0
Field Services,2,0
Figo Pet Insurance,1,0
Film,1,0
Finance,69,0
Finance ,2,0
Finance & Accounting,2,0
Finance & Admin Services,1,0
Finance Risk & Asset Management,1,0
Finance and Acccount,1,0
Finance and Operations,1,0
Finance team,1,0
"Finance, Compliance and Legal",1,0
"Finance, legal & compliance",1,0
Finance/Securities,1,0
Financial,6,0
Financial Dept,0,2
Financial Services,3,0
Finishing,1,0
Fixed-term & Permanent,2,0
Fleet,1,0
Flight Operations,2,0
Food,1,0
Food Service,1,0
Food and Beverage,1,0
Forwarding,3,0
Freelancer,3,0
Freeze Dry,3,0
Front Desk,4,0
Front Desk Administration,1,0
Front End Development,2,0
Front Office,1,0
Front Office & Guest Services ,1,0
Front end,1,0
Front-End,1,0
Frontend,2,1
Fuel Oil,1,0
Fulfillment,1,0
Fulfillment ,3,0
Funnelback,4,0
Funnelback ,2,0
G&A,7,0
GCS,1,0
GEN,1,0
GM,1,0
GSA,3,0
GVS,1,0
Game Design,1,0
Game Design and Development,2,0
Garage,1,0
General,7,0
General - US/CAD,1,0
General Management,1,0
General Services,1,0
Geology,1,0
Global Services & Operations,1,0
Golderado,1,0
Google Apps,1,0
"Grapevine, TX",1,0
Graphic Design,1,0
Graphics & Video Editing,1,0
Graphics/Production,1,0
"Gravpevine, TX",1,0
Greetsnap Development,1,0
Grocery Stores,1,0
Grooming,4,0
Growth,10,0
H3rt,1,0
HEADQUATERS,0,1
HEALTH,1,0
HIS Development Team,1,0
HL Marketing,1,0
HLT,1,0
HOLIDAY COTTAGES,1,0
HOTEL JOBS,0,1
HQ ,1,0
HR,53,3
HR Manager,0,1
HRIS,1,0
HSE (Health Safety Environmental),0,2
HVAC,2,0
Hab Spec,3,0
Hampton Inn,1,0
Hampton Inn South,1,0
Hampton Inn University Area,2,0
Hardware,1,0
Harrogate,1,0
Haven Hills,1,0
Head Office,1,0
Head Start,7,0
Health,1,0
Health Policy,1,0
Health Services,4,0
Health and Social,3,0
Health and Social ,1,0
Healthcare,3,0
Healthcare ,1,0
Healthcare (Acute),3,0
Healthcare (Community),1,0
Healthcare Department,1,0
Healthcare Industries,1,0
Healthy Child Healthy World,1,0
Help Desk,2,0
High-Tech Engineering,1,0
Holiday Inn & Suites,1,0
Holiday Inn & Suites Newport News,1,0
Holiday Inn & Suites Newport News VA,1,0
Holiday Inn Cary NC,2,0
"Holiday Inn Express, Spring Mill",1,0
"Holiday Inn Raleigh-Cary, NC",1,0
Home Health,1,0
Home Security,1,0
Homeworker,1,0
Hospital,1,0
Hospital Adm.,1,0
Hospitality,0,1
Hospitality ,1,0
House Cleaning Services,1,0
Housekeeping,1,0
Huffington Post Greece,3,0
Human Resource,1,0
Human Resource Department,1,0
Human Resources,26,3
Human Resources & Recruiting,2,0
Human Services,3,0
I.T.,2,0
I9 Manufacturing (345),0,1
IAASARS,3,0
ICF,1,0
ICM,1,0
IM,1,0
IP Secuirty,1,0
IR,1,0
IS,1,0
IS/IT,3,0
IT,224,1
IT ,4,0
IT Administrator / Developer,0,1
IT Applications Directorate ,1,0
IT Department,3,0
IT Engineering Infrastructure,1,0
IT Sales,1,0
IT Services,23,0
IT Solution,1,0
IT Support,1,0
IT team,1,0
ITS,3,0
IW,8,0
Ile de France,1,0
Illustrator,1,0
Impact,1,0
Implementations,1,0
Inbound,1,0
Inbound Operations,1,0
Inbound Sales,2,0
Incubation Services,1,0
Independant,1,0
Industrial Services,1,0
Inflight,1,0
Information Systems,1,0
Information Technology,71,15
Information Technology ,2,12
Information Technology & Services,3,0
Information Technology - Internet / E-Commerce ,1,0
Information Technology Group,5,0
Information and Communications Technology,2,0
Information technology,1,0
Infrastructure,5,0
Infrastructure & Operations,1,0
Infrastructure Services  and Support,1,0
Infrastructure Support Services,5,0
Inside Sales,3,0
Inside Sales Team,1,0
Insight,1,0
Installations/ Customer Service,1,0
Installers,8,0
Instructor,2,0
Insurance,0,1
Integration & Testing,1,0
Intern,1,0
Intern & Graduate,1,0
Internal,3,0
Internal Audit,1,0
Internal Engineering,4,0
International Growth,17,0
Internet,2,0
Internet / E-Commerce,1,0
Internet and New Media,1,0
Internship,4,0
Internships,8,0
Internships / Special Projects / Part-Time Opportunities,1,0
Interpreters,3,0
Interpreting Operations,5,0
Interpreting Service Relations,2,0
Interpreting Services,1,0
Investment Banking,1,0
Investment Operations,2,0
Investor Development,2,0
JAAMRRB,1,0
JNSP,1,0
Jacksonville,1,0
Jacksonville ,1,0
Judge,1,0
K&A,1,0
KAM,1,0
KHR,1,0
Kahoots,1,0
Kahoots App,1,0
Katapult Group,1,0
Kennels,1,0
Kitchen,2,0
Kitchen Staff,1,0
Knoxville DS,1,0
Kreditech,3,0
Krrb,1,0
LABS,2,0
LEEDS,2,0
LIVERPOOL ,1,0
LOgistics,1,0
Lab,5,0
Lab Management,1,0
Labs,2,0
Landlord ,2,0
Langley,1,0
Law Enforcement,1,0
Lead Front End Developer,1,0
Leadership,2,1
Leaf Technologies,1,0
Learning,3,0
Leasing,2,0
Legal,23,0
Legal Services,3,0
Lending,1,0
Lettershop,1,0
Lex,1,0
Line-Up,4,0
Live Operations,2,0
Local Sales,1,0
Localization,1,0
Locaria,2,0
Logistics,5,0
Lower Level Management,1,0
MAIL UNIT 65036,0,1
MAINT,0,1
MARKETING ,1,0
MIS,1,0
MIT - MEDISIP,1,0
MKT,2,0
MKTG,1,0
MM,8,0
MX,1,0
Machine shop,1,0
Main,1,0
MainSup,1,0
Maintenance,26,4
Maintenance Technician/Projects ,1,0
Managed Services,3,0
Management,16,0
Management Division,2,0
Management Support,1,0
Management Team,1,0
Manufacturing,2,0
Manufacturing & Production,1,0
Manufacturing - Quality,1,0
Marcomm,1,0
Marekting,1,0
Marekting/PR,1,0
Marketing,399,2
Marketing ,16,0
Marketing & Communications,2,0
Marketing & Communications ,2,0
Marketing & Design,2,0
Marketing & Sales,8,0
Marketing / Commercial,1,0
Marketing / Customer Service,1,0
Marketing Department,2,0
Marketing Intern,1,0
Marketing and Communications,4,0
Marketing team,2,0
Marketing – Pame Stoixima,2,0
"Marketing, Sales",3,0
Marketplace,2,0
Materials,1,0
Meanwood,2,0
Medford Branch,1,0
Media,10,0
Media Buying,4,0
Media Buying ,1,0
Media/ Television,1,0
Medical,6,0
Medical coding,1,0
Medicine,6,0
Medopad Technology Unit,5,0
Member Service,2,0
Member Services,5,0
Membership Development & Engagement,1,0
Menswear,1,0
Mercaris,1,0
Merchandising,1,0
Merchandising ,10,0
Merchant,2,0
Merchant ,1,0
Mkt,1,0
Mobile,5,0
Mobile Applications,2,0
Mobile Applications Development,2,0
Mobile Development,1,0
Mobility,1,0
Mobility Domian,3,0
Moni Technologies,1,0
Moni technologies,2,0
Mortgage,1,1
Mortgage Servicing,1,0
Mortgages,2,0
Multiwork,1,0
Music,5,0
N1 6AH,1,0
NC,1,0
NL Managed Services,2,0
NOC,2,0
NW Portland,1,0
NY Stars Premier,1,0
NYC,1,0
Narrative Science,2,0
National,5,0
National Programs,6,0
Network Operations Center,1,0
Networking Research Group,1,0
New Business Sales,2,0
New Jersey,1,0
New Product Development,1,0
New York,1,0
"New York City or Paris, France",2,0
NexLP,1,0
Non-Tech,2,0
Non-Technical,1,0
Nonprofit Only,1,0
North Orange,1,0
North Portland,2,0
North Star Shipping,1,0
Nurs-K1,1,0
Nursing,8,0
Nursing Staff,4,0
OPERATIONS,1,0
OPS,5,0
OT,2,0
OTC,1,0
Oasis,1,0
Office,3,1
Office Administration,1,0
Office Support,1,0
Office of Public Affairs,1,0
Office of the CTO,1,0
Office of the Development Manager,2,0
Office of the Infrastructure Manager,1,0
Office of the Lead Business Analyst,2,0
Office of the Program Manager,1,0
Office of the QA Manager,1,0
Oil & Energy,0,24
Oil & Energy ,0,4
Oil and Gas,32,0
Omaha,1,0
Online Business,1,0
Online Marketing,8,0
Online Operations,6,0
Online PR,1,0
Opearations,1,0
Open,2,0
Operations,270,0
Operations ,5,0
Operations & Finance,1,0
Operations & Marketing,1,0
Operations (Residential),2,0
Operations - Repair Centre,1,0
"Operations, Sales, Marketing",1,0
Operators,1,0
Options Away,1,0
OptionsAway,5,0
Organisational Development,1,0
Orlando,1,0
Orlando ,2,0
Other,1,0
Outbound Sales,2,0
Outward Facing Team,2,0
PECS-DATA,1,0
PET,1,0
PHP,1,0
PLANNING AND GENERAL AFFAIRS,1,0
PMO,8,0
PMO - Program Manager's Office,1,0
PMO002,2,0
PMSA10035,1,0
PPC,7,0
PR,6,0
PRESALES,1,0
PRODUCT,2,0
PSG,1,0
PT,1,0
Packaging,1,0
Packaging/Publishing,1,0
Packback,2,0
Papagou,1,0
Parks and Recreation,1,0
Partnership Management,2,0
Partnerships,3,0
Parts,1,0
Pastoral Support,1,0
Pawsitive Purrvention TV & Radio,1,0
Pearlshare,1,0
Pediatric,1,0
Pensions,1,0
People & Culture,6,0
People Operations,3,0
Performance Business Development,1,0
Performance Marketing,22,0
Permanent,13,0
Personnel,1,0
Pet Care,1,0
Pet Service,1,0
Pharmaceutical,2,0
Pharmaceuticals / Finance,1,0
Pharmacy,2,0
Photography,4,0
Physical Therapy,1,0
Planning Department,1,0
Planning and Management Office,2,0
Platform,3,0
Platforms,1,0
Plato's Closet Pleasanton,2,0
Playfair Capital,3,0
Power Plant & Energy,0,2
President,1,0
Press,2,0
Pricing,1,0
Private Duty,1,0
Processing,3,0
Processing Companies,1,0
Procurement,1,0
Prod,1,0
Producer Team,3,0
Producers,1,0
Product,112,0
Product ,1,0
Product & Design,1,0
Product & Innovation,3,0
Product & Marketing,1,0
Product Content,1,0
Product Development,34,2
Product Development - Test,1,0
Product Development Team,7,0
Product Eng,4,0
Product Innovation,13,0
Product Management,10,0
Product Marketing,4,0
Product Ops,2,0
Product Strategy,1,0
Product Team,14,0
Product and Innovation,3,0
Product development,6,0
Product team,1,0
Production,32,0
Production ,1,0
Products,3,0
Products & User Experience,6,0
Professional Association,1,0
Professional Services,10,0
Professional Services Team,2,0
Program,1,0
Programmer,1,0
Programming,2,1
Programs,5,0
Project,1,0
Project Controls,1,0
Project Management,19,1
Project Management ,2,0
Project Management & Solutions,2,0
Projects,1,0
Promotion & Advertising,1,0
Promotion Marketing,1,0
Property Management,3,0
Provisions,9,0
Provisions by Food52,2,0
Public Relations,6,0
Public Relations & Communication,1,0
Purchasing,3,0
QA,18,0
QA & Programme Delivery,1,0
Quality,1,0
Quality Assurance,3,0
Quality Assurance ,5,0
Quality Control,1,0
Quality Control Dept.,1,0
Quality Engineering,1,0
R&D,54,0
R&D Department,1,0
R&D Dept.,1,0
RD,1,0
RD ,1,0
RECOVERY-OPS,1,0
RHB OUTSOURCING,1,0
RISK MANAGEMENT ,1,0
RN,3,0
RTB,2,0
RTW Development,1,0
Real Estate & Insurance Sales,0,1
Real Estate Lending,2,0
Receiving,4,0
Recon GL Accounting,1,0
Recovery-OPS,1,0
Recovery-Secured-Default-HomeSaver,1,0
Recruiter,2,0
Recruiter Network,0,1
Recruiting,4,1
Recruiting HR,1,0
Recruitment,1,0
Recruitment ,1,0
Refined Resources,0,1
Relay,2,0
ResEd,1,0
Research,8,0
Research & Development,5,0
Research & Evaluation,1,0
Research and Consulting,1,0
Research and Development,1,0
Reservations,10,0
Residential/Community,1,0
Restaurant,1,0
Retail,45,0
Retail Pharmacy,1,0
Retail Sales,1,0
Retailer Support,1,0
Returns,1,0
Revenue,2,0
Revenues,1,0
Rippleshot,2,0
Risk,2,0
Rithmio,2,0
S&M,2,0
SA,3,0
SALES,6,0
SALES ,1,0
SALES DPT,1,0
SAP,2,0
SCFB,2,0
SCHARP,1,0
SECNEC,1,0
SECURITY,0,1
SEO,5,0
SERVICE-REP,0,1
SHS,5,0
SJHS,1,0
SLP,2,0
SMRA,1,0
SOC,1,0
SPOKE,3,0
SSG,1,0
ST,1,0
SUPP,1,0
SUPPORT,1,0
SW,3,0
SW DEV,2,0
SWT,1,0
Sale,1,0
Sales,539,12
Sales ,13,0
Sales & Business Development,1,0
Sales & Marketing,7,0
Sales + Partnerships,1,0
Sales - DE,1,0
Sales - USA,2,0
Sales / BD,1,0
Sales / Business Development,2,0
Sales / Marketing,1,0
Sales / Operations,1,0
Sales Department,1,0
Sales Engineering,1,0
Sales Intern,1,0
Sales Operations,1,0
Sales Team,3,0
Sales and Business Development,8,0
Sales and Marketing,10,1
Sales and Marketing ,0,1
Sales and Research,0,5
Sales and Support,1,0
Sales department,1,0
Sales&Support,1,0
Sales-International,1,0
Sales/Engineering,1,0
Sales/Marketing,1,1
Sales/Rental,1,0
Sales/biz dev.,1,0
Salesforce ,2,0
School Bussing - London & Region,3,0
School Bussing - Wellington & Waterloo,2,0
Schools ,1,0
Schools/Charters,1,0
Search & Performance,1,0
Search & Social,1,0
"Search, Performance & Social",4,0
Secretary / Support,1,0
Security,1,0
Seldon,1,0
Semiconductor,2,0
Sensor Systems,1,0
Server,1,0
Server Administration,1,0
Server Engineering,1,0
Server Operations,1,0
Service,5,0
Service / Operations,1,0
Service Coordinator II,1,0
Services,10,0
Servicing-Customer Care,2,0
Servicing-Default,1,0
Shipping,1,0
Shipping Dock,1,0
Shop,1,0
Simple Relevance,2,0
Skincare,1,0
Small Animal Hospital,3,0
Small Business Consulting,2,0
Small Luxury Lodge,1,0
Social Media,4,0
Social Media ,1,0
Social Media Management,1,0
Social Media Marketing,1,0
Social Media Promotion,1,0
Social Media Services,1,0
Software,2,0
Software / IT,1,0
Software Development,11,0
Software Developmet,1,0
Software Engineering,8,0
Software Products - Delivery,1,0
Software Products - Development,2,0
Software Products - Solutions,3,0
Software Services,1,0
Software development,2,0
Solution Test,2,0
Specialty Solutions,1,0
Sports Travel,1,0
SportsLock,1,0
SpotHero,1,0
Squiz ,20,0
Squiz Digital,1,0
Staffing,1,0
StageBloc,2,0
Starbeck ,3,0
Startup Institute Boston,1,0
Startup Institute New York,1,0
StartupTAP,1,0
State of Indiana,1,0
Statistics,1,0
Store,3,0
Storefronts,2,0
Strategic Initiatives,1,0
Strategic Initiatives ,2,0
Strategy,7,0
Strategy & Analytics,1,0
"Strategy, Creative, Execution, HR",1,0
Streaming Media,2,0
Structural,0,1
Student Beans,1,0
Student Beans Mag,5,0
Student Beans University,1,0
Student Beans iD,4,0
Student Financial Services,1,0
Studio,5,0
Studio IT services,1,0
Styling,1,0
Success,5,0
Success / Sales / Production,1,0
Supply,1,0
Supply & Chain,2,0
Supply Chain,1,0
Supply Chain ,1,0
Supply Vision,1,0
Support,17,0
Support ,1,0
Support Services,1,0
Surgical Technologies,2,0
Sustainable Home Survey CIC,1,0
Sutter Medical Group,1,0
Systems,1,0
Systems Engineering,1,0
Systems Operations,2,0
TD,1,0
TECH,1,0
TESTING,1,0
TH02,1,0
TRS-Clinical,1,0
Tax,2,0
Tech,29,0
Tech ,4,0
Tech & Innovation,2,0
Tech - Network,1,0
Tech Backend,1,0
Tech Team,2,0
Technical,29,0
Technical Department,3,0
Technical Direction,1,0
Technical Operations,1,0
Technical Service,1,0
Technical Services,2,0
Technical Support,11,0
Technician,0,1
Technology,75,1
Technology ,3,0
Technology (Application Development),1,0
Technology Innovation,1,0
Technology/IT,4,0
Tecnologia,1,0
Telecom Network,1,0
Telecommunications,3,0
Telephone Interpreters,1,0
Teller,1,0
Telnet,1,0
Testing,1,0
Texas Home Health,2,0
The Beans Group,1,0
The Eleven,1,0
The Whole Company,1,0
Therapy ,1,0
Tier 1 Technical Support,1,0
Tours & Activities,2,0
Track Work Rider,1,0
Tradable Labs,3,0
Trainee,1,0
Trainers,1,0
Training,3,0
Training ,2,0
Transit,2,0
Translation,1,0
Transport,1,0
Transportation,7,0
Treasury & Payments,1,0
Treasury & Payments  ,1,0
TriNet Cloud,4,0
U-Verse,1,0
UG,1,0
UI Production,1,0
UI/Ux Design,1,0
UV,4,0
UX,2,0
UX ,1,0
UX Practice,2,0
UX/API,1,0
UXlab,1,0
Ultrasound,5,0
Unity Developer,1,0
Unknown,1,0
Upper Level Management,2,0
User Experience,4,0
User Experience & Design,2,0
User Research,1,0
User experience design,0,1
Utilities,1,0
VLinks Media,1,0
VMT ,1,0
Vendor Relations,1,0
ViV5,1,0
Visionary Engineering,1,0
"Visionary Engineering, SW",1,0
VoIP,1,0
Voxburner,1,0
Voxburner Bespoke Research,1,0
Voyageur Medical Transportation,11,0
WWAREHOUSE ASSOCIATE,0,1
Warehouse,14,0
Water Treatment,1,0
WeDeliver,1,0
Weave The People,2,0
Web,4,0
Web Analytics,3,0
Web Design Division,1,0
Web Development,7,0
Web Development Division,1,0
Web Marketing και Social,1,0
Web Solutions,2,0
Web Team,1,0
Web design,1,0
Web dev,1,0
WebDev,1,0
Wed Development,1,0
West Auckland,1,0
West Haven Branch,1,0
Wholesale,2,0
Wilton EMS,1,0
Windows Phone Developer,1,0
Wireless,1,0
Wisma Metropolitan I,1,0
Work Shop,1,0
Work at home,0,2
Workshop,1,0
Wright Satellite Connections,1,0
Writing,1,0
Wunderfood,3,0
WyR,1,0
Youth Health Clinic,1,0
accounting,1,0
admin,0,7
administration,2,0
appdev,3,0
ballet,1,0
biotech,0,2
biotech ,0,1
body Piercing ,1,0
commercial vehicles,1,0
coursedev,1,0
customer service,8,4
design,1,0
developement,1,0
digital,1,0
education,1,0
engineering,2,0
finance,2,0
hr,0,1
i,1,0
iOS,5,0
iOS ,2,0
incrediblue,1,0
insidesales,1,0
it,1,0
it ,1,0
"java,.net and web technologies",1,0
kitchen,1,0
legal,1,0
marketing,2,0
medical,0,2
migrations,1,0
non-tech,8,0
onshore,1,0
parts,1,0
reception,0,1
retail,1,0
sales,6,5
service,1,0
software,2,0
tech,55,0
utilities,1,0
videographer,1,0
warehouse,3,0
web development,1,0
Área Comercial,1,0
ΕΜΠΟΡΙΚΟ,1,0
ΠΛΗΡΟΦΟΡΙΚΗ,1,0
